# ************************************************************
# Sequel Pro SQL dump
# Version 4541
#
# http://www.sequelpro.com/
# https://github.com/sequelpro/sequelpro
#
# Host: 127.0.0.1 (MySQL 5.7.21)
# Database: db_parkirin_aza
# Generation Time: 2019-02-27 08:07:00 +0000
# ************************************************************


/*!40101 SET @OLD_CHARACTER_SET_CLIENT=@@CHARACTER_SET_CLIENT */;
/*!40101 SET @OLD_CHARACTER_SET_RESULTS=@@CHARACTER_SET_RESULTS */;
/*!40101 SET @OLD_COLLATION_CONNECTION=@@COLLATION_CONNECTION */;
/*!40101 SET NAMES utf8 */;
/*!40014 SET @OLD_FOREIGN_KEY_CHECKS=@@FOREIGN_KEY_CHECKS, FOREIGN_KEY_CHECKS=0 */;
/*!40101 SET @OLD_SQL_MODE=@@SQL_MODE, SQL_MODE='NO_AUTO_VALUE_ON_ZERO' */;
/*!40111 SET @OLD_SQL_NOTES=@@SQL_NOTES, SQL_NOTES=0 */;


# Dump of table app_fakultas
# ------------------------------------------------------------

DROP TABLE IF EXISTS `app_fakultas`;

CREATE TABLE `app_fakultas` (
  `id` int(11) NOT NULL AUTO_INCREMENT,
  `nama_fakultas` varchar(100) DEFAULT NULL,
  PRIMARY KEY (`id`)
) ENGINE=InnoDB DEFAULT CHARSET=utf8;

LOCK TABLES `app_fakultas` WRITE;
/*!40000 ALTER TABLE `app_fakultas` DISABLE KEYS */;

INSERT INTO `app_fakultas` (`id`, `nama_fakultas`)
VALUES
	(1,'Sains'),
	(2,'Teknologi');

/*!40000 ALTER TABLE `app_fakultas` ENABLE KEYS */;
UNLOCK TABLES;


# Dump of table app_jabatan
# ------------------------------------------------------------

DROP TABLE IF EXISTS `app_jabatan`;

CREATE TABLE `app_jabatan` (
  `id` int(11) NOT NULL AUTO_INCREMENT,
  `nama_jabatan` varchar(100) DEFAULT NULL,
  PRIMARY KEY (`id`)
) ENGINE=InnoDB DEFAULT CHARSET=utf8;

LOCK TABLES `app_jabatan` WRITE;
/*!40000 ALTER TABLE `app_jabatan` DISABLE KEYS */;

INSERT INTO `app_jabatan` (`id`, `nama_jabatan`)
VALUES
	(1,'Tata usaha'),
	(2,'Administrasi'),
	(3,'Keuangan'),
	(4,'Akademik');

/*!40000 ALTER TABLE `app_jabatan` ENABLE KEYS */;
UNLOCK TABLES;


# Dump of table app_jurusan
# ------------------------------------------------------------

DROP TABLE IF EXISTS `app_jurusan`;

CREATE TABLE `app_jurusan` (
  `id` int(11) NOT NULL AUTO_INCREMENT,
  `id_fakultas` int(11) DEFAULT NULL,
  `nama_jurusan` varchar(100) DEFAULT NULL,
  PRIMARY KEY (`id`)
) ENGINE=InnoDB DEFAULT CHARSET=utf8;

LOCK TABLES `app_jurusan` WRITE;
/*!40000 ALTER TABLE `app_jurusan` DISABLE KEYS */;

INSERT INTO `app_jurusan` (`id`, `id_fakultas`, `nama_jurusan`)
VALUES
	(1,2,'Teknik Informatika'),
	(2,2,'Sistem Informasi'),
	(3,1,'Biologi'),
	(4,1,'Kimia'),
	(5,1,'Agribisnis'),
	(6,1,'Matematika');

/*!40000 ALTER TABLE `app_jurusan` ENABLE KEYS */;
UNLOCK TABLES;


# Dump of table app_member
# ------------------------------------------------------------

DROP TABLE IF EXISTS `app_member`;

CREATE TABLE `app_member` (
  `id` int(11) NOT NULL AUTO_INCREMENT,
  `no_induk` char(20) DEFAULT NULL,
  `fullname` varchar(255) DEFAULT NULL,
  `email` varchar(50) DEFAULT NULL,
  `id_fakultas` int(11) DEFAULT NULL,
  `id_jurusan` int(11) DEFAULT NULL,
  `id_zona` int(11) DEFAULT NULL,
  `no_kendaraan` char(20) DEFAULT NULL,
  `status` int(11) DEFAULT '1' COMMENT '0=not aktif,1=aktif',
  `role` int(11) DEFAULT NULL COMMENT '1=mhs;2=karyawan',
  PRIMARY KEY (`id`),
  KEY `fakultas` (`id_fakultas`),
  KEY `jurusan` (`id_jurusan`),
  KEY `role` (`role`),
  KEY `zona` (`id_zona`),
  CONSTRAINT `fakultas` FOREIGN KEY (`id_fakultas`) REFERENCES `app_fakultas` (`id`),
  CONSTRAINT `jurusan` FOREIGN KEY (`id_jurusan`) REFERENCES `app_jurusan` (`id`),
  CONSTRAINT `role` FOREIGN KEY (`role`) REFERENCES `app_role` (`id`),
  CONSTRAINT `zona` FOREIGN KEY (`id_zona`) REFERENCES `app_zona` (`id`)
) ENGINE=InnoDB DEFAULT CHARSET=utf8;

LOCK TABLES `app_member` WRITE;
/*!40000 ALTER TABLE `app_member` DISABLE KEYS */;

INSERT INTO `app_member` (`id`, `no_induk`, `fullname`, `email`, `id_fakultas`, `id_jurusan`, `id_zona`, `no_kendaraan`, `status`, `role`)
VALUES
	(3,'987345435','cepi',NULL,1,3,2,'B9876TBC',1,NULL),
	(6,'09876544','dewi',NULL,1,4,1,'T1243BCC',1,NULL);

/*!40000 ALTER TABLE `app_member` ENABLE KEYS */;
UNLOCK TABLES;


# Dump of table app_role
# ------------------------------------------------------------

DROP TABLE IF EXISTS `app_role`;

CREATE TABLE `app_role` (
  `id` int(11) NOT NULL AUTO_INCREMENT,
  `kategori` varchar(50) DEFAULT NULL,
  PRIMARY KEY (`id`)
) ENGINE=InnoDB DEFAULT CHARSET=utf8;

LOCK TABLES `app_role` WRITE;
/*!40000 ALTER TABLE `app_role` DISABLE KEYS */;

INSERT INTO `app_role` (`id`, `kategori`)
VALUES
	(1,'Mahasiswa'),
	(2,'Dosen'),
	(3,'Pegawai');

/*!40000 ALTER TABLE `app_role` ENABLE KEYS */;
UNLOCK TABLES;


# Dump of table app_zona
# ------------------------------------------------------------

DROP TABLE IF EXISTS `app_zona`;

CREATE TABLE `app_zona` (
  `id` int(11) NOT NULL AUTO_INCREMENT,
  `nama_zona` varchar(50) DEFAULT NULL,
  PRIMARY KEY (`id`)
) ENGINE=InnoDB DEFAULT CHARSET=utf8;

LOCK TABLES `app_zona` WRITE;
/*!40000 ALTER TABLE `app_zona` DISABLE KEYS */;

INSERT INTO `app_zona` (`id`, `nama_zona`)
VALUES
	(1,'Mahasiswa'),
	(2,'Dosen'),
	(3,'Pegawai');

/*!40000 ALTER TABLE `app_zona` ENABLE KEYS */;
UNLOCK TABLES;


# Dump of table ci_sessions
# ------------------------------------------------------------

DROP TABLE IF EXISTS `ci_sessions`;

CREATE TABLE `ci_sessions` (
  `id` varchar(40) NOT NULL,
  `ip_address` varchar(45) NOT NULL,
  `timestamp` int(10) unsigned NOT NULL DEFAULT '0',
  `data` blob NOT NULL,
  PRIMARY KEY (`id`),
  KEY `ci_sessions_timestamp` (`timestamp`)
) ENGINE=InnoDB DEFAULT CHARSET=utf8;

LOCK TABLES `ci_sessions` WRITE;
/*!40000 ALTER TABLE `ci_sessions` DISABLE KEYS */;

INSERT INTO `ci_sessions` (`id`, `ip_address`, `timestamp`, `data`)
VALUES
	('0a7mkorlmovt85d7ki0qu6q6en3e9iau','127.0.0.1',1551153368,X'5F5F63695F6C6173745F726567656E65726174657C693A313535313135333336383B6964757365727C733A313A2231223B6C6576656C616B737C733A313A2232223B6E616D617C733A353A2261646D696E223B'),
	('0cnbmu242hi9e4ab19kna74lvitou1h1','127.0.0.1',1551153680,X'5F5F63695F6C6173745F726567656E65726174657C693A313535313135333638303B6964757365727C733A313A2231223B6C6576656C616B737C733A313A2232223B6E616D617C733A353A2261646D696E223B'),
	('0h2su588pd1quhr7rglkbjd2g9u14u55','127.0.0.1',1550933972,X'5F5F63695F6C6173745F726567656E65726174657C693A313535303933333937323B6E616D617C733A353A2261646D696E223B6964757365727C733A313A2231223B6C6576656C616B737C733A313A2232223B'),
	('152n9q730ghrufiq10rn65k7qsf5ijel','127.0.0.1',1550935202,X'5F5F63695F6C6173745F726567656E65726174657C693A313535303933353230323B6E616D617C733A353A2261646D696E223B6964757365727C733A313A2231223B6C6576656C616B737C733A313A2232223B'),
	('1dptt0mjeptbd3j0rbpdvdo8d0ho3jcv','127.0.0.1',1551178786,X'5F5F63695F6C6173745F726567656E65726174657C693A313535313137383738363B'),
	('2ucc2rjgkqgjr3b5m5msm14s05kucjb8','127.0.0.1',1551178375,X'5F5F63695F6C6173745F726567656E65726174657C693A313535313137383337353B'),
	('3spol8ccjidt2lcepjkrut8b7he4ofu9','127.0.0.1',1550938988,X'5F5F63695F6C6173745F726567656E65726174657C693A313535303933383938383B6E616D617C733A353A2261646D696E223B6964757365727C733A313A2231223B6C6576656C616B737C733A313A2232223B'),
	('4ooa627kg9a4ocnulthnt8oieb5cd6f5','127.0.0.1',1550938039,X'5F5F63695F6C6173745F726567656E65726174657C693A313535303933383033393B6E616D617C733A353A2261646D696E223B6964757365727C733A313A2231223B6C6576656C616B737C733A313A2232223B'),
	('5kc0lh6c01ccf1v57fadi68cbeg469hp','127.0.0.1',1550936422,X'5F5F63695F6C6173745F726567656E65726174657C693A313535303933363432323B6E616D617C733A353A2261646D696E223B6964757365727C733A313A2231223B6C6576656C616B737C733A313A2232223B'),
	('613h6jutur2kjqoooesg32vo6pivt07f','127.0.0.1',1551163973,X'5F5F63695F6C6173745F726567656E65726174657C693A313535313136333937333B'),
	('6vv573nbm9mi6lkq3jhkjiq8g0hu8dfr','127.0.0.1',1551165955,X'5F5F63695F6C6173745F726567656E65726174657C693A313535313136353935353B'),
	('79c6eh0v6jvpp68rbail7tuvif7ihp87','127.0.0.1',1550934895,X'5F5F63695F6C6173745F726567656E65726174657C693A313535303933343839353B6E616D617C733A353A2261646D696E223B6964757365727C733A313A2231223B6C6576656C616B737C733A313A2232223B'),
	('7l3nm6lt30lrbb9jt83d0ugujp9u1e9c','127.0.0.1',1550937155,X'5F5F63695F6C6173745F726567656E65726174657C693A313535303933373135353B6E616D617C733A353A2261646D696E223B6964757365727C733A313A2231223B6C6576656C616B737C733A313A2232223B'),
	('80njl22p8o61e7ksee306gqiam1prmqr','127.0.0.1',1551173342,X'5F5F63695F6C6173745F726567656E65726174657C693A313535313137333334323B'),
	('91cubi1r7prtd1s2i6nd5e77nab92hd5','127.0.0.1',1551173022,X'5F5F63695F6C6173745F726567656E65726174657C693A313535313137333032323B'),
	('b0dh0pird1s4vfikt571ag0qmdtcrto5','127.0.0.1',1551168905,X'5F5F63695F6C6173745F726567656E65726174657C693A313535313136383930353B'),
	('blb7idgcemsej3696kps9bd9sdkqg8h5','127.0.0.1',1550934468,X'5F5F63695F6C6173745F726567656E65726174657C693A313535303933343436383B6E616D617C733A353A2261646D696E223B6964757365727C733A313A2231223B6C6576656C616B737C733A313A2232223B'),
	('ccqeihtnkj1ov78eqbansvsm91mmr5qc','127.0.0.1',1551152887,X'5F5F63695F6C6173745F726567656E65726174657C693A313535313135323838373B'),
	('cd0gpkr7tqmr18kvfqtqkh7kpo5qd6ut','127.0.0.1',1550938368,X'5F5F63695F6C6173745F726567656E65726174657C693A313535303933383336383B6E616D617C733A353A2261646D696E223B6964757365727C733A313A2231223B6C6576656C616B737C733A313A2232223B'),
	('d0i9j8domjlek2fc0fdooljb5tcqdebq','127.0.0.1',1551083895,X'5F5F63695F6C6173745F726567656E65726174657C693A313535313038333839353B6964757365727C733A313A2231223B6C6576656C616B737C733A313A2232223B6E616D617C733A353A2261646D696E223B'),
	('g6mg3rctbavlge4hi5me8skb6b8pko88','127.0.0.1',1551069052,X'5F5F63695F6C6173745F726567656E65726174657C693A313535313036393034383B'),
	('gcckc7paojpui85comehvqeiqaesntvt','127.0.0.1',1551165179,X'5F5F63695F6C6173745F726567656E65726174657C693A313535313136353137393B'),
	('i1me6kkdvdns319c4kg98ha7r0eibijp','127.0.0.1',1551153709,X'5F5F63695F6C6173745F726567656E65726174657C693A313535313135333638303B6E616D617C733A353A2261646D696E223B6964757365727C733A313A2231223B6C6576656C616B737C733A313A2232223B'),
	('i60fvfu22av2qbvf0rnb07ml3cn2dfk3','127.0.0.1',1551179403,X'5F5F63695F6C6173745F726567656E65726174657C693A313535313137393238323B6964757365727C733A313A2231223B6C6576656C616B737C733A313A2232223B6E616D617C733A353A2261646D696E223B'),
	('iasg911hct4cosrmmnqp7ut1m1h6u91v','127.0.0.1',1550935917,X'5F5F63695F6C6173745F726567656E65726174657C693A313535303933353931373B6E616D617C733A353A2261646D696E223B6964757365727C733A313A2231223B6C6576656C616B737C733A313A2232223B'),
	('jc4d287i8omt36so667tbet0ghdgr3gg','127.0.0.1',1550937528,X'5F5F63695F6C6173745F726567656E65726174657C693A313535303933373532383B6E616D617C733A353A2261646D696E223B6964757365727C733A313A2231223B6C6576656C616B737C733A313A2232223B'),
	('l7ok29sma07465kaq3i22n7vms67534s','127.0.0.1',1551163228,X'5F5F63695F6C6173745F726567656E65726174657C693A313535313136333232383B'),
	('lpkedo5ukudcpb4165aibitd57isjsd7','127.0.0.1',1551164866,X'5F5F63695F6C6173745F726567656E65726174657C693A313535313136343836363B'),
	('nig8edptqo40i4lum78besgib3ej85gg','127.0.0.1',1551177700,X'5F5F63695F6C6173745F726567656E65726174657C693A313535313137373730303B'),
	('nlr23vemt6upu70te3f198om9qp5ocsm','127.0.0.1',1551178037,X'5F5F63695F6C6173745F726567656E65726174657C693A313535313137383033373B'),
	('p24eje96dndg8ot7n532d4oicl3v9tnv','127.0.0.1',1550939232,X'5F5F63695F6C6173745F726567656E65726174657C693A313535303933383938383B6E616D617C733A353A2261646D696E223B'),
	('ptjq6se2hpmkvkb1tdhdq243uh16jmrt','127.0.0.1',1550938676,X'5F5F63695F6C6173745F726567656E65726174657C693A313535303933383637363B6E616D617C733A353A2261646D696E223B6964757365727C733A313A2231223B6C6576656C616B737C733A313A2232223B'),
	('q402k1c8um31d65t1uac9eblhmnnf8q4','127.0.0.1',1551171835,X'5F5F63695F6C6173745F726567656E65726174657C693A313535313137313833353B'),
	('qpbpp42mb6is6l2cbv1vtq2s3rcei77r','127.0.0.1',1551179282,X'5F5F63695F6C6173745F726567656E65726174657C693A313535313137393238323B6964757365727C733A313A2231223B6C6576656C616B737C733A313A2232223B6E616D617C733A353A2261646D696E223B'),
	('tgugkpebi4kjeosh1eoihdufh0l30uf4','127.0.0.1',1551085097,X'5F5F63695F6C6173745F726567656E65726174657C693A313535313038353039373B6964757365727C733A313A2231223B6C6576656C616B737C733A313A2232223B6E616D617C733A353A2261646D696E223B'),
	('u1jn6digtp169ut95bo8fm7f2sm11d2m','127.0.0.1',1551177086,X'5F5F63695F6C6173745F726567656E65726174657C693A313535313137373038363B'),
	('u3v8ra8jle44ndj60mimonlmuiuvbdea','127.0.0.1',1550933670,X'5F5F63695F6C6173745F726567656E65726174657C693A313535303933333637303B6964757365727C733A313A2231223B6C6576656C616B737C733A313A2232223B6E616D617C733A353A2261646D696E223B'),
	('uovfcj5cu8r7lc4dvauull843u4f9qag','127.0.0.1',1551085102,X'5F5F63695F6C6173745F726567656E65726174657C693A313535313038353039373B6E616D617C733A353A2261646D696E223B'),
	('v0llknje4qsgj6ui397dmbqie3tkbch2','127.0.0.1',1551248031,X'5F5F63695F6C6173745F726567656E65726174657C693A313535313234383030303B'),
	('v727tc4sa0a85fm8o21vsueki4raqa09','127.0.0.1',1551171467,X'5F5F63695F6C6173745F726567656E65726174657C693A313535313137313436373B'),
	('vkhl3hiesrflb8hjsg8h7tahllq9to7q','127.0.0.1',1551177393,X'5F5F63695F6C6173745F726567656E65726174657C693A313535313137373339333B');

/*!40000 ALTER TABLE `ci_sessions` ENABLE KEYS */;
UNLOCK TABLES;


# Dump of table petugas
# ------------------------------------------------------------

DROP TABLE IF EXISTS `petugas`;

CREATE TABLE `petugas` (
  `idpetugas` int(11) NOT NULL AUTO_INCREMENT,
  `nama` varchar(100) COLLATE utf8_bin NOT NULL,
  `email` varchar(100) COLLATE utf8_bin NOT NULL,
  `password` varchar(60) COLLATE utf8_bin NOT NULL,
  `kategori` char(1) COLLATE utf8_bin NOT NULL DEFAULT '' COMMENT '1 = admin, 2 petugas',
  PRIMARY KEY (`idpetugas`)
) ENGINE=InnoDB DEFAULT CHARSET=utf8 COLLATE=utf8_bin;

LOCK TABLES `petugas` WRITE;
/*!40000 ALTER TABLE `petugas` DISABLE KEYS */;

INSERT INTO `petugas` (`idpetugas`, `nama`, `email`, `password`, `kategori`)
VALUES
	(1,X'61646D696E',X'61646D696E407061726B6972696E2D617A612E636F6D',X'3230326362393632616335393037356239363462303731353264323334623730',X'32');

/*!40000 ALTER TABLE `petugas` ENABLE KEYS */;
UNLOCK TABLES;



/*!40111 SET SQL_NOTES=@OLD_SQL_NOTES */;
/*!40101 SET SQL_MODE=@OLD_SQL_MODE */;
/*!40014 SET FOREIGN_KEY_CHECKS=@OLD_FOREIGN_KEY_CHECKS */;
/*!40101 SET CHARACTER_SET_CLIENT=@OLD_CHARACTER_SET_CLIENT */;
/*!40101 SET CHARACTER_SET_RESULTS=@OLD_CHARACTER_SET_RESULTS */;
/*!40101 SET COLLATION_CONNECTION=@OLD_COLLATION_CONNECTION */;
